<?xml version="1.0" encoding="utf-8"?>
<odoo>
    <data noupdate="0">
        <record id="partner_student" model="res.partner">
            <field name="name">Shivam Student</field>
            <field name="is_student">True</field>
            <field name="company_name">Aktiv Software</field>
            <field name="street">anandnagar</field>
            <field name="city">Ahmedabad</field>
            <field name="zip">380052</field>
            <field name="country_id" ref="base.uk"/>
            <field name="state_id" ref="base.state_us_39"/>
            <field name="phone">+1 999-555-5555</field>
            <field name="email">shivamkc@gmail.com</field>
            <field name="tz">Europe/Brussels</field>
        </record>

        <record id="partner_professor" model="res.partner">
            <field name="name">Shivam Professor</field>
            <field name="company_name">Arsenal FC</field>
            <field name="street">404 Not found</field>
            <field name="city">London</field>
            <field name="zip">11515</field>
            <field name="country_id" ref="base.uk"/>
            <field name="state_id" ref="base.state_us_39"/>
            <field name="phone">+1 555-555-5555</field>
            <field name="email">arsene@gmail.com</field>
            <field name="tz">Europe/Brussels</field>
        </record>
    </data>
</odoo>