<?xml version="1.0" encoding="utf-8"?>
<odoo>
    <data noupdate="0">
        <!-- Student user record -->
        <record id="user_student" model="res.users">
            <field name="login">Shivamst</field>
            <field name="password">st</field>
            <field name="partner_id" ref="task1_explained.partner_student"/>
            <field name="company_id" ref="base.main_company"/>
            <field eval="[(4, ref('base.main_company'))]" name="company_ids"/>
            <!-- <field eval="[(6,0,[])]" name="groups_id"/>-->
            <field name="signature">
            <![CDATA[<span>-- <br/>Shiv</span>]]>
            </field>
        </record>

        <!-- User Professor -->
        <record id="user_professor" model="res.users">
            <field name="login">Shivampf</field>
            <field name="password">pf</field>
            <field name="partner_id" ref="task1_explained.partner_professor"/>
            <field name="company_id" ref="base.main_company"/>
            <field eval="[(4, ref('base.main_company'))]" name="company_ids"/>
            <!-- <field eval="[(6,0,[])]" name="groups_id"/>-->
            <field name="signature">
            <![CDATA[<span>-- <br/>ShivPf</span>]]>
            </field>
        </record>



</data>
</odoo>
