id,name,model_id:id,group_id:id,perm_read,perm_write,perm_create,perm_unlink

access_task1_student_details1,access.student.details1,model_student_details,,1,1,1,1
access_task1_course_details1,access.course.details1,model_course_details,,1,1,1,1
access_task1_batch_details1,access.batch.details1,model_batch_details,,1,1,1,1
access_task1_registration_details1,access.registrations.details1,model_registrations_details,,1,1,1,1
access_task1_registration_wizard1,access.registration.wizard1,model_registration_wizard,,1,1,1,1
access_task1_professor_details1,access.professor.details1,model_professor_details,,1,1,1,1