<?xml version="1.0" encoding="UTF-8"?>
<odoo>

 <record id="module_category_calendar" model="ir.module.category">
        <field name="name">Calendar</field>
        <field name="description">Category for school</field>
        <field name="sequence">45</field>
    </record>

    <record id="group_calendar_own_events" model="res.groups">
        <field name="name">User: His own events</field>
        <field name="category_id" ref="module_category_calendar"/>
    </record>

    <record id="group_calendar_all_events" model="res.groups">
        <field name="name">User: All events</field>
        <field name="category_id" ref="module_category_calendar"/>
        <field eval="[(4,ref('calendar_rule.group_calendar_own_events'))]" name="implied_ids"/>
        <field eval="[(4, ref('base.user_admin'))]" name="users"/>
    </record>

    <record id="group_calendar_manager" model="res.groups">
        <field name="name">Manager</field>
        <field name="category_id" ref="module_category_calendar"/>
        <field eval="[(4,ref('calendar_rule.group_calendar_all_events'))]" name="implied_ids"/>
    </record>


    <function model="ir.model.data" name="write">
        <function model="ir.model.data" name="search">
            <value eval="[('module', '=', 'calendar'), ('name', '=', 'calendar_event_rule_employee')]"/>
        </function>
        <value eval="{'noupdate': False}"/>
    </function>

    <!-- Change the rule to view only own events -->
    <record id="calendar.calendar_event_rule_employee" model="ir.rule">
        <field name="model_id" ref="calendar.model_calendar_event"/>
        <field name="name">See only own Calendar Events</field>
        <field name="domain_force">[('partner_ids','in',user.partner_id.id)]</field>
        <field eval="[(4,ref('calendar_rule.group_calendar_own_events'))]" name="groups"/>
    </record>

    <!-- set the noupdate to True again -->
    <function model="ir.model.data" name="write">
        <function model="ir.model.data" name="search">
            <value eval="[('module', '=', 'calendar'), ('name', '=', 'calendar_event_rule_employee')]"/>
        </function>
        <value eval="{'noupdate': True}"/>
    </function>


    <!-- Rule to view all events -->
    <record id="calendar_event_rule_all" model="ir.rule">
        <field name="model_id" ref="calendar.model_calendar_event"/>
        <field name="name">View all Calendar Events</field>
        <field name="domain_force">[(1,'=',1)]</field>
        <field eval="[(4,ref('calendar_rule.group_calendar_all_events'))]" name="groups"/>
    </record>
</odoo>