<?xml version="1.0" encoding="UTF-8"?>
<odoo>
	<record id="module_category_school" model="ir.module.category">
		<field name="name">School</field>
		<field name="description">Category for school</field>
		<field name="sequence">45</field>
	</record>
	<!-- Assigning student users to the students group-->
	<record id="group_school_student" model="res.groups">
		<field name="name">Student</field>
		<field name="category_id" ref="module_category_school"/>
		<field name="users" eval="[(4, ref('task1_explained.user_student'))]"/>
	</record>
	<!-- Assigning professor users to the professor's group-->
	<record id="group_school_professor" model="res.groups">
		<field name="name">Professor</field>
		<field name="category_id" ref="module_category_school"/>
		<field eval="[(4,ref('group_school_student'))]" name="implied_ids"/>
		<field eval="[(4, ref('task1_explained.user_professor'))]" name="users"/>
	</record>
	
	<!-- Students can only see their records in Memebers model -->
	<record id="see_his_own_record" model="ir.rule">
		<field name="name">See his own record only</field>
		<field name="model_id" ref="model_student_details"/>
		<field name="domain_force">[('name','=',user.partner_id.id)]</field>
		<field eval="[(4,ref('task1_explained.group_school_student'))]" name="groups"/>
	</record>
	<!-- Professor can see all the records in the members model -->
	<record id="see_all_member_records" model="ir.rule">
		<field name="name">See all member recrods</field>
		<field name="model_id" ref="model_student_details"/>
		<field name="domain_force">[(1, '=', 1)]</field>
		<field eval="[(4,ref('task1_explained.group_school_professor'))]" name="groups"/>
	</record>
	
</odoo>